Test,Test No.,Item,Result,Units,Variant,Syringe
Undelivered Drug Volume,1,1,0.020638224,ml,20N,27G TW Gerresheimer
Undelivered Drug Volume,1,2,0.01907735,ml,20N,27G TW Gerresheimer
Undelivered Drug Volume,1,3,0.019164065,ml,20N,27G TW Gerresheimer
Undelivered Drug Volume,1,4,0.019597641,ml,20N,27G TW Gerresheimer
Undelivered Drug Volume,1,5,0.025580992,ml,20N,27G TW Gerresheimer
Undelivered Drug Volume,1,6,0.018210198,ml,20N,27G TW Gerresheimer
Undelivered Drug Volume,1,7,0.017776622,ml,20N,27G TW Gerresheimer
Undelivered Drug Volume,1,8,0.028616025,ml,20N,27G TW Gerresheimer
Undelivered Drug Volume,1,9,0.020638224,ml,20N,27G TW Gerresheimer
Undelivered Drug Volume,1,10,0.017776622,ml,20N,27G TW Gerresheimer
Undelivered Drug Volume,1,11,0.019424211,ml,20N,27G TW Gerresheimer
Undelivered Drug Volume,1,12,0.020551509,ml,20N,27G TW Gerresheimer
Undelivered Drug Volume,1,13,0.022199098,ml,20N,27G TW Gerresheimer
Undelivered Drug Volume,1,14,0.023586542,ml,20N,27G TW Gerresheimer
Undelivered Drug Volume,1,15,0.018817204,ml,20N,27G TW Gerresheimer
Undelivered Drug Volume,1,16,0.019510926,ml,20N,27G TW Gerresheimer
Undelivered Drug Volume,1,17,0.019684357,ml,20N,27G TW Gerresheimer
Undelivered Drug Volume,1,18,0.01925078,ml,20N,27G TW Gerresheimer
Undelivered Drug Volume,1,19,0.026101283,ml,20N,27G TW Gerresheimer
Undelivered Drug Volume,1,20,0.021938952,ml,20N,27G TW Gerresheimer
Undelivered Drug Volume,1,21,0.021418661,ml,20N,27G TW Gerresheimer
Undelivered Drug Volume,1,22,0.023152966,ml,20N,27G TW Gerresheimer
Undelivered Drug Volume,1,23,0.022285813,ml,20N,27G TW Gerresheimer
Undelivered Drug Volume,1,24,0.021418661,ml,20N,27G TW Gerresheimer
Undelivered Drug Volume,1,25,0.020638224,ml,20N,27G TW Gerresheimer
Undelivered Drug Volume,1,26,0.022459244,ml,20N,27G TW Gerresheimer
Undelivered Drug Volume,1,27,0.02271939,ml,20N,27G TW Gerresheimer
Undelivered Drug Volume,1,28,0.020551509,ml,20N,27G TW Gerresheimer
Undelivered Drug Volume,1,29,0.024106833,ml,20N,27G TW Gerresheimer
Undelivered Drug Volume,1,30,0.021765522,ml,20N,27G TW Gerresheimer
Undelivered Drug Volume,1,31,0.020464794,ml,20N,27G TW Gerresheimer
Undelivered Drug Volume,1,32,0.024800555,ml,20N,27G TW Gerresheimer
Undelivered Drug Volume,1,33,0.03069719,ml,20N,27G TW Gerresheimer
Undelivered Drug Volume,1,34,0.024540409,ml,20N,27G TW Gerresheimer
Undelivered Drug Volume,1,35,0.020551509,ml,20N,27G TW Gerresheimer
Undelivered Drug Volume,1,36,0.020811655,ml,20N,27G TW Gerresheimer
Undelivered Drug Volume,1,37,0.022372529,ml,20N,27G TW Gerresheimer
Undelivered Drug Volume,1,38,0.025320846,ml,20N,27G TW Gerresheimer
Undelivered Drug Volume,1,39,0.027575442,ml,20N,27G TW Gerresheimer
Undelivered Drug Volume,1,40,0.022372529,ml,20N,27G TW Gerresheimer
Undelivered Drug Volume,1,41,0.023933403,ml,20N,27G TW Gerresheimer
Undelivered Drug Volume,1,42,0.021592092,ml,20N,27G TW Gerresheimer
Undelivered Drug Volume,1,43,0.021765522,ml,20N,27G TW Gerresheimer
Undelivered Drug Volume,1,44,0.024453694,ml,20N,27G TW Gerresheimer
Undelivered Drug Volume,1,45,0.022979535,ml,20N,27G TW Gerresheimer
Undelivered Drug Volume,1,46,0.029916753,ml,20N,27G TW Gerresheimer
Undelivered Drug Volume,1,47,0.025147416,ml,20N,27G TW Gerresheimer
Undelivered Drug Volume,1,48,0.037200832,ml,20N,27G TW Gerresheimer
Undelivered Drug Volume,1,49,0.017950052,ml,20N,27G TW Gerresheimer
Undelivered Drug Volume,1,50,0.040756157,ml,20N,27G TW Gerresheimer
Undelivered Drug Volume,1,51,0.02289282,ml,20N,27G TW Gerresheimer
Undelivered Drug Volume,1,52,0.021245231,ml,20N,27G TW Gerresheimer
Undelivered Drug Volume,1,53,0.022632674,ml,20N,27G TW Gerresheimer
Undelivered Drug Volume,1,54,0.021158515,ml,20N,27G TW Gerresheimer
Undelivered Drug Volume,1,55,0.022285813,ml,20N,27G TW Gerresheimer
Undelivered Drug Volume,1,56,0.031651058,ml,20N,27G TW Gerresheimer
Undelivered Drug Volume,1,57,0.02306625,ml,20N,27G TW Gerresheimer
Undelivered Drug Volume,1,58,0.022459244,ml,20N,27G TW Gerresheimer
Undelivered Drug Volume,1,59,0.020464794,ml,20N,27G TW Gerresheimer
Undelivered Drug Volume,1,60,0.020724939,ml,20N,27G TW Gerresheimer
Undelivered Drug Volume,2,1,0.054023587,ml,40N,27G TW Gerresheimer
Undelivered Drug Volume,2,2,0.016736039,ml,40N,27G TW Gerresheimer
Undelivered Drug Volume,2,3,0.051682275,ml,40N,27G TW Gerresheimer
Undelivered Drug Volume,2,4,0.062955255,ml,40N,27G TW Gerresheimer
Undelivered Drug Volume,2,5,0.04379119,ml,40N,27G TW Gerresheimer
Undelivered Drug Volume,2,6,0.018036767,ml,40N,27G TW Gerresheimer
Undelivered Drug Volume,2,7,0.038414846,ml,40N,27G TW Gerresheimer
Undelivered Drug Volume,2,8,0.018643774,ml,40N,27G TW Gerresheimer
Undelivered Drug Volume,2,9,0.043097468,ml,40N,27G TW Gerresheimer
Undelivered Drug Volume,2,10,0.017863337,ml,40N,27G TW Gerresheimer
Undelivered Drug Volume,2,11,0.017863337,ml,40N,27G TW Gerresheimer
Undelivered Drug Volume,2,12,0.039715574,ml,40N,27G TW Gerresheimer
Undelivered Drug Volume,2,13,0.016042317,ml,40N,27G TW Gerresheimer
Undelivered Drug Volume,2,14,0.016042317,ml,40N,27G TW Gerresheimer
Undelivered Drug Volume,2,15,0.01890392,ml,40N,27G TW Gerresheimer
Undelivered Drug Volume,2,16,0.050815123,ml,40N,27G TW Gerresheimer
Undelivered Drug Volume,2,17,0.058446063,ml,40N,27G TW Gerresheimer
Undelivered Drug Volume,2,18,0.040496011,ml,40N,27G TW Gerresheimer
Undelivered Drug Volume,2,19,0.016475893,ml,40N,27G TW Gerresheimer
Undelivered Drug Volume,2,20,0.046739507,ml,40N,27G TW Gerresheimer
Undelivered Drug Volume,2,21,0.055324315,ml,40N,27G TW Gerresheimer
Undelivered Drug Volume,2,22,0.037547693,ml,40N,27G TW Gerresheimer
Undelivered Drug Volume,2,23,0.02653486,ml,40N,27G TW Gerresheimer
Undelivered Drug Volume,2,24,0.050381547,ml,40N,27G TW Gerresheimer
Undelivered Drug Volume,2,25,0.019857787,ml,40N,27G TW Gerresheimer
Undelivered Drug Volume,2,26,0.017863337,ml,40N,27G TW Gerresheimer
Undelivered Drug Volume,2,27,0.017343045,ml,40N,27G TW Gerresheimer
Undelivered Drug Volume,2,28,0.017429761,ml,40N,27G TW Gerresheimer
Undelivered Drug Volume,2,29,0.061914672,ml,40N,27G TW Gerresheimer
Undelivered Drug Volume,2,30,0.022459244,ml,40N,27G TW Gerresheimer
Undelivered Drug Volume,2,31,0.068418314,ml,40N,27G TW Gerresheimer
Undelivered Drug Volume,2,32,0.039455428,ml,40N,27G TW Gerresheimer
Undelivered Drug Volume,2,33,0.017863337,ml,40N,27G TW Gerresheimer
Undelivered Drug Volume,2,34,0.04179674,ml,40N,27G TW Gerresheimer
Undelivered Drug Volume,2,35,0.01907735,ml,40N,27G TW Gerresheimer
Undelivered Drug Volume,3,1,0.073881374,ml,60N,27G TW Gerresheimer
Undelivered Drug Volume,3,2,0.015695456,ml,60N,27G TW Gerresheimer
Undelivered Drug Volume,3,3,0.050121401,ml,60N,27G TW Gerresheimer
Undelivered Drug Volume,3,4,0.014047867,ml,60N,27G TW Gerresheimer
Undelivered Drug Volume,3,5,0.015868887,ml,60N,27G TW Gerresheimer
Undelivered Drug Volume,3,6,0.01725633,ml,60N,27G TW Gerresheimer
Undelivered Drug Volume,3,7,0.055324315,ml,60N,27G TW Gerresheimer
Undelivered Drug Volume,3,8,0.044831772,ml,60N,27G TW Gerresheimer
Undelivered Drug Volume,3,9,0.015868887,ml,60N,27G TW Gerresheimer
Undelivered Drug Volume,3,10,0.017343045,ml,60N,27G TW Gerresheimer
Undelivered Drug Volume,3,11,0.02670829,ml,60N,27G TW Gerresheimer
Undelivered Drug Volume,3,12,0.013354145,ml,60N,27G TW Gerresheimer
Undelivered Drug Volume,3,13,0.039021852,ml,60N,27G TW Gerresheimer
Undelivered Drug Volume,3,14,0.069979188,ml,60N,27G TW Gerresheimer
Undelivered Drug Volume,3,15,0.028876171,ml,60N,27G TW Gerresheimer
Undelivered Drug Volume,3,16,0.052896289,ml,60N,27G TW Gerresheimer
Undelivered Drug Volume,3,17,0.018296913,ml,60N,27G TW Gerresheimer
Undelivered Drug Volume,3,18,0.027748873,ml,60N,27G TW Gerresheimer
Undelivered Drug Volume,3,19,0.052115852,ml,60N,27G TW Gerresheimer
Undelivered Drug Volume,3,20,0.01508845,ml,60N,27G TW Gerresheimer
Undelivered Drug Volume,3,21,0.015123136,ml,60N,27G TW Gerresheimer
Undelivered Drug Volume,3,22,0.083506764,ml,60N,27G TW Gerresheimer
Undelivered Drug Volume,3,23,0.01725633,ml,60N,27G TW Gerresheimer
Undelivered Drug Volume,3,24,0.018643774,ml,60N,27G TW Gerresheimer
Undelivered Drug Volume,3,25,0.070933056,ml,60N,27G TW Gerresheimer
Undelivered Drug Volume,3,26,0.017603191,ml,60N,27G TW Gerresheimer
Undelivered Drug Volume,3,27,0.01543531,ml,60N,27G TW Gerresheimer
Undelivered Drug Volume,3,28,0.042056885,ml,60N,27G TW Gerresheimer
Undelivered Drug Volume,3,29,0.01526188,ml,60N,27G TW Gerresheimer
Undelivered Drug Volume,3,30,0.020551509,ml,60N,27G TW Gerresheimer
Undelivered Drug Volume,3,31,0.015955602,ml,60N,27G TW Gerresheimer
Undelivered Drug Volume,3,32,0.037027402,ml,60N,27G TW Gerresheimer
Undelivered Drug Volume,3,33,0.056191467,ml,60N,27G TW Gerresheimer
Undelivered Drug Volume,3,34,0.037200832,ml,60N,27G TW Gerresheimer
Undelivered Drug Volume,3,35,0.061741242,ml,60N,27G TW Gerresheimer
Undelivered Drug Volume,10,1,0.016927083,ml,20N,27G TW Ompi
Undelivered Drug Volume,10,2,0.015451389,ml,20N,27G TW Ompi
Undelivered Drug Volume,10,3,0.015451389,ml,20N,27G TW Ompi
Undelivered Drug Volume,10,4,0.017795139,ml,20N,27G TW Ompi
Undelivered Drug Volume,10,5,0.013888889,ml,20N,27G TW Ompi
Undelivered Drug Volume,10,6,0.015277778,ml,20N,27G TW Ompi
Undelivered Drug Volume,10,7,0.014409722,ml,20N,27G TW Ompi
Undelivered Drug Volume,10,8,0.016579861,ml,20N,27G TW Ompi
Undelivered Drug Volume,10,9,0.01484375,ml,20N,27G TW Ompi
Undelivered Drug Volume,10,10,0.016493056,ml,20N,27G TW Ompi
Undelivered Drug Volume,10,11,0.016232639,ml,20N,27G TW Ompi
Undelivered Drug Volume,10,12,0.015104167,ml,20N,27G TW Ompi
Undelivered Drug Volume,10,13,0.016493056,ml,20N,27G TW Ompi
Undelivered Drug Volume,10,14,0.015885417,ml,20N,27G TW Ompi
Undelivered Drug Volume,10,15,0.021180556,ml,20N,27G TW Ompi
Undelivered Drug Volume,10,16,0.013194444,ml,20N,27G TW Ompi
Undelivered Drug Volume,10,17,0.014930556,ml,20N,27G TW Ompi
Undelivered Drug Volume,10,18,0.015972222,ml,20N,27G TW Ompi
Undelivered Drug Volume,10,19,0.016666667,ml,20N,27G TW Ompi
Undelivered Drug Volume,10,20,0.017274306,ml,20N,27G TW Ompi
Undelivered Drug Volume,10,21,0.015277778,ml,20N,27G TW Ompi
Undelivered Drug Volume,10,22,0.0171875,ml,20N,27G TW Ompi
Undelivered Drug Volume,10,23,0.017881944,ml,20N,27G TW Ompi
Undelivered Drug Volume,10,24,0.018315972,ml,20N,27G TW Ompi
Undelivered Drug Volume,10,25,0.015277778,ml,20N,27G TW Ompi
Undelivered Drug Volume,10,26,0.018923611,ml,20N,27G TW Ompi
Undelivered Drug Volume,10,27,0.015451389,ml,20N,27G TW Ompi
Undelivered Drug Volume,10,28,0.017274306,ml,20N,27G TW Ompi
Undelivered Drug Volume,10,29,0.014930556,ml,20N,27G TW Ompi
Undelivered Drug Volume,10,30,0.01875,ml,20N,27G TW Ompi
Undelivered Drug Volume,10,31,0.016579861,ml,20N,27G TW Ompi
Undelivered Drug Volume,10,32,0.018923611,ml,20N,27G TW Ompi
Undelivered Drug Volume,10,33,0.015104167,ml,20N,27G TW Ompi
Undelivered Drug Volume,10,34,0.016753472,ml,20N,27G TW Ompi
Undelivered Drug Volume,10,35,0.015885417,ml,20N,27G TW Ompi
Undelivered Drug Volume,10,36,0.016649306,ml,20N,27G TW Ompi
Undelivered Drug Volume,10,37,0.019878472,ml,20N,27G TW Ompi
Undelivered Drug Volume,10,38,0.022309028,ml,20N,27G TW Ompi
Undelivered Drug Volume,10,39,0.017013889,ml,20N,27G TW Ompi
Undelivered Drug Volume,10,40,0.018229167,ml,20N,27G TW Ompi
Undelivered Drug Volume,10,41,0.0171875,ml,20N,27G TW Ompi
Undelivered Drug Volume,10,42,0.017447917,ml,20N,27G TW Ompi
Undelivered Drug Volume,10,43,0.019270833,ml,20N,27G TW Ompi
Undelivered Drug Volume,10,44,0.017881944,ml,20N,27G TW Ompi
Undelivered Drug Volume,10,45,0.018055556,ml,20N,27G TW Ompi
Undelivered Drug Volume,10,46,0.018663194,ml,20N,27G TW Ompi
Undelivered Drug Volume,10,47,0.018402778,ml,20N,27G TW Ompi
Undelivered Drug Volume,10,48,0.019965278,ml,20N,27G TW Ompi
Undelivered Drug Volume,10,49,0.019097222,ml,20N,27G TW Ompi
Undelivered Drug Volume,10,50,0.0171875,ml,20N,27G TW Ompi
Undelivered Drug Volume,10,51,0.015885417,ml,20N,27G TW Ompi
Undelivered Drug Volume,10,52,0.017795139,ml,20N,27G TW Ompi
Undelivered Drug Volume,10,53,0.02421875,ml,20N,27G TW Ompi
Undelivered Drug Volume,10,54,0.014496528,ml,20N,27G TW Ompi
Undelivered Drug Volume,10,55,0.017447917,ml,20N,27G TW Ompi
Undelivered Drug Volume,10,56,0.015190972,ml,20N,27G TW Ompi
Undelivered Drug Volume,10,57,0.011805556,ml,20N,27G TW Ompi
Undelivered Drug Volume,10,58,0.015711806,ml,20N,27G TW Ompi
Undelivered Drug Volume,10,59,0.016059028,ml,20N,27G TW Ompi
Undelivered Drug Volume,10,60,0.01484375,ml,20N,27G TW Ompi
Undelivered Drug Volume,11,1,0.037413194,ml,20N,27G TW Ompi
Undelivered Drug Volume,11,2,0.010416667,ml,20N,27G TW Ompi
Undelivered Drug Volume,11,3,0.034375,ml,20N,27G TW Ompi
Undelivered Drug Volume,11,4,0.012065972,ml,20N,27G TW Ompi
Undelivered Drug Volume,11,5,0.05,ml,20N,27G TW Ompi
Undelivered Drug Volume,11,6,0.011631944,ml,20N,27G TW Ompi
Undelivered Drug Volume,11,7,0.012413194,ml,20N,27G TW Ompi
Undelivered Drug Volume,11,8,0.012326389,ml,20N,27G TW Ompi
Undelivered Drug Volume,11,9,0.050434028,ml,20N,27G TW Ompi
Undelivered Drug Volume,11,10,0.030902778,ml,20N,27G TW Ompi
Undelivered Drug Volume,11,11,0.039670139,ml,20N,27G TW Ompi
Undelivered Drug Volume,11,12,0.013368056,ml,20N,27G TW Ompi
Undelivered Drug Volume,11,13,0.012152778,ml,20N,27G TW Ompi
Undelivered Drug Volume,11,14,0.039322917,ml,20N,27G TW Ompi
Undelivered Drug Volume,11,15,0.027517361,ml,20N,27G TW Ompi
Undelivered Drug Volume,11,16,0.015017361,ml,20N,27G TW Ompi
Undelivered Drug Volume,11,17,0.011545139,ml,20N,27G TW Ompi
Undelivered Drug Volume,11,18,0.034375,ml,20N,27G TW Ompi
Undelivered Drug Volume,11,19,0.009635417,ml,20N,27G TW Ompi
Undelivered Drug Volume,11,20,0.030381944,ml,20N,27G TW Ompi
Undelivered Drug Volume,11,21,0.055208333,ml,20N,27G TW Ompi
Undelivered Drug Volume,11,22,0.011111111,ml,20N,27G TW Ompi
Undelivered Drug Volume,11,23,0.0125,ml,20N,27G TW Ompi
Undelivered Drug Volume,11,24,0.014496528,ml,20N,27G TW Ompi
Undelivered Drug Volume,11,25,0.042534722,ml,20N,27G TW Ompi
Undelivered Drug Volume,11,26,0.01328125,ml,20N,27G TW Ompi
Undelivered Drug Volume,11,27,0.028125,ml,20N,27G TW Ompi
Undelivered Drug Volume,11,28,0.018402778,ml,20N,27G TW Ompi
Undelivered Drug Volume,11,29,0.012413194,ml,20N,27G TW Ompi
Undelivered Drug Volume,11,30,0.062326389,ml,20N,27G TW Ompi
Undelivered Drug Volume,11,31,0.018923611,ml,20N,27G TW Ompi
Undelivered Drug Volume,11,32,0.022395833,ml,20N,27G TW Ompi
Undelivered Drug Volume,11,33,0.028993056,ml,20N,27G TW Ompi
Undelivered Drug Volume,11,34,0.01953125,ml,20N,27G TW Ompi
Undelivered Drug Volume,11,35,0.010329861,ml,20N,27G TW Ompi
Undelivered Drug Volume,12,1,0.051996528,ml,20N,27G TW Ompi
Undelivered Drug Volume,12,2,0.009027778,ml,20N,27G TW Ompi
Undelivered Drug Volume,12,3,0.047135417,ml,20N,27G TW Ompi
Undelivered Drug Volume,12,4,0.052430556,ml,20N,27G TW Ompi
Undelivered Drug Volume,12,5,0.01171875,ml,20N,27G TW Ompi
Undelivered Drug Volume,12,6,0.009288194,ml,20N,27G TW Ompi
Undelivered Drug Volume,12,7,0.008767361,ml,20N,27G TW Ompi
Undelivered Drug Volume,12,8,0.065711806,ml,20N,27G TW Ompi
Undelivered Drug Volume,12,9,0.063020833,ml,20N,27G TW Ompi
Undelivered Drug Volume,12,10,0.061458333,ml,20N,27G TW Ompi
Undelivered Drug Volume,12,11,0.038888889,ml,20N,27G TW Ompi
Undelivered Drug Volume,12,12,0.068489583,ml,20N,27G TW Ompi
Undelivered Drug Volume,12,13,0.059427083,ml,20N,27G TW Ompi
Undelivered Drug Volume,12,14,0.029340278,ml,20N,27G TW Ompi
Undelivered Drug Volume,12,15,0.012326389,ml,20N,27G TW Ompi
Undelivered Drug Volume,12,16,0.031510417,ml,20N,27G TW Ompi
Undelivered Drug Volume,12,17,0.009895833,ml,20N,27G TW Ompi
Undelivered Drug Volume,12,18,0.057204861,ml,20N,27G TW Ompi
Undelivered Drug Volume,12,19,0.081076389,ml,20N,27G TW Ompi
Undelivered Drug Volume,12,20,0.056423611,ml,20N,27G TW Ompi
Undelivered Drug Volume,12,21,0.078645833,ml,20N,27G TW Ompi
Undelivered Drug Volume,12,22,0.011111111,ml,20N,27G TW Ompi
Undelivered Drug Volume,12,23,0.010850694,ml,20N,27G TW Ompi
Undelivered Drug Volume,12,24,0.052430556,ml,20N,27G TW Ompi
Undelivered Drug Volume,12,25,0.043923611,ml,20N,27G TW Ompi
Undelivered Drug Volume,12,26,0.016145833,ml,20N,27G TW Ompi
Undelivered Drug Volume,12,27,0.012586806,ml,20N,27G TW Ompi
Undelivered Drug Volume,12,28,0.047482639,ml,20N,27G TW Ompi
Undelivered Drug Volume,12,29,0.011458333,ml,20N,27G TW Ompi
Undelivered Drug Volume,12,30,0.042361111,ml,20N,27G TW Ompi
Undelivered Drug Volume,12,31,0.009375,ml,20N,27G TW Ompi
Undelivered Drug Volume,12,32,0.062586806,ml,20N,27G TW Ompi
Undelivered Drug Volume,12,33,0.011197917,ml,20N,27G TW Ompi
Undelivered Drug Volume,12,34,0.021245231,ml,20N,27G TW Ompi
Undelivered Drug Volume,12,35,0.060180368,ml,20N,27G TW Ompi
Shroud Override Force,1,1,123,N,N/A,27G TW Gerresheimer
Shroud Override Force,1,2,114.9,N,N/A,27G TW Gerresheimer
Shroud Override Force,1,3,119,N,N/A,27G TW Gerresheimer
Shroud Override Force,1,4,124.8,N,N/A,27G TW Gerresheimer
Shroud Override Force,1,5,126,N,N/A,27G TW Gerresheimer
Shroud Override Force,1,6,126.8,N,N/A,27G TW Gerresheimer
Shroud Override Force,1,7,126,N,N/A,27G TW Gerresheimer
Shroud Override Force,1,8,125.1,N,N/A,27G TW Gerresheimer
Shroud Override Force,1,9,127,N,N/A,27G TW Gerresheimer
Shroud Override Force,1,10,125.6,N,N/A,27G TW Gerresheimer
Shroud Override Force,1,11,127.4,N,N/A,27G TW Gerresheimer
Shroud Override Force,1,12,126,N,N/A,27G TW Gerresheimer
Shroud Override Force,1,13,126.2,N,N/A,27G TW Gerresheimer
Shroud Override Force,1,14,125.6,N,N/A,27G TW Gerresheimer
Shroud Override Force,1,15,128.8,N,N/A,27G TW Gerresheimer
Shroud Override Force,1,16,127.6,N,N/A,27G TW Gerresheimer
Shroud Override Force,1,17,127.2,N,N/A,27G TW Gerresheimer
Shroud Override Force,1,18,127,N,N/A,27G TW Gerresheimer
Shroud Override Force,1,19,127.4,N,N/A,27G TW Gerresheimer
Shroud Override Force,1,20,128.4,N,N/A,27G TW Gerresheimer
Shroud Override Force,1,21,128,N,N/A,27G TW Gerresheimer
Shroud Override Force,1,22,127,N,N/A,27G TW Gerresheimer
Shroud Override Force,1,23,127,N,N/A,27G TW Gerresheimer
Shroud Override Force,1,24,126,N,N/A,27G TW Gerresheimer
Shroud Override Force,1,25,128.9,N,N/A,27G TW Gerresheimer
Shroud Override Force,1,26,131.7,N,N/A,27G TW Gerresheimer
Shroud Override Force,1,27,132,N,N/A,27G TW Gerresheimer
Shroud Override Force,1,28,127.4,N,N/A,27G TW Gerresheimer
Shroud Override Force,1,29,130.7,N,N/A,27G TW Gerresheimer
Shroud Override Force,1,30,131.4,N,N/A,27G TW Gerresheimer
Shroud Override Force,1,31,131.3,N,N/A,27G TW Gerresheimer
Shroud Override Force,1,32,131.7,N,N/A,27G TW Gerresheimer
Shroud Override Force,1,33,130.4,N,N/A,27G TW Gerresheimer
Shroud Override Force,1,34,131.4,N,N/A,27G TW Gerresheimer
Shroud Override Force,1,35,131.4,N,N/A,27G TW Gerresheimer
Shroud Override Force,1,36,131.1,N,N/A,27G TW Gerresheimer
Shroud Activation Force,1,1,19.5,N,N/A,27G TW Gerresheimer
Shroud Activation Force,1,2,16.7,N,N/A,27G TW Gerresheimer
Shroud Activation Force,1,3,16.95,N,N/A,27G TW Gerresheimer
Shroud Activation Force,1,4,15.65,N,N/A,27G TW Gerresheimer
Shroud Activation Force,1,5,16.6,N,N/A,27G TW Gerresheimer
Shroud Activation Force,1,6,20.5,N,N/A,27G TW Gerresheimer
Shroud Activation Force,1,7,16.6,N,N/A,27G TW Gerresheimer
Shroud Activation Force,1,8,20.3,N,N/A,27G TW Gerresheimer
Shroud Activation Force,1,9,16.3,N,N/A,27G TW Gerresheimer
Shroud Activation Force,1,10,22.7,N,N/A,27G TW Gerresheimer
Shroud Activation Force,1,11,15.5,N,N/A,27G TW Gerresheimer
Shroud Activation Force,1,12,17.25,N,N/A,27G TW Gerresheimer
Shroud Activation Force,1,13,18.5,N,N/A,27G TW Gerresheimer
Shroud Activation Force,1,14,17.75,N,N/A,27G TW Gerresheimer
Shroud Activation Force,1,15,19.05,N,N/A,27G TW Gerresheimer
Shroud Activation Force,1,16,15.8,N,N/A,27G TW Gerresheimer
Shroud Activation Force,1,17,17,N,N/A,27G TW Gerresheimer
Shroud Activation Force,1,18,16.55,N,N/A,27G TW Gerresheimer
Shroud Activation Force,1,19,18.45,N,N/A,27G TW Gerresheimer
Shroud Activation Force,1,20,16.7,N,N/A,27G TW Gerresheimer
Shroud Activation Force,1,21,18.15,N,N/A,27G TW Gerresheimer
Shroud Activation Force,1,22,15.05,N,N/A,27G TW Gerresheimer
Shroud Activation Force,1,23,19.95,N,N/A,27G TW Gerresheimer
Shroud Activation Force,1,24,21.4,N,N/A,27G TW Gerresheimer
Shroud Activation Force,1,25,16.45,N,N/A,27G TW Gerresheimer
Shroud Activation Force,1,26,17.6,N,N/A,27G TW Gerresheimer
Shroud Activation Force,1,27,16.76,N,N/A,27G TW Gerresheimer
Shroud Activation Force,1,28,19.1,N,N/A,27G TW Gerresheimer
Shroud Activation Force,1,29,16.75,N,N/A,27G TW Gerresheimer
Shroud Activation Force,1,30,16.85,N,N/A,27G TW Gerresheimer
Shroud Activation Force,1,31,16.2,N,N/A,27G TW Gerresheimer
Shroud Activation Force,1,32,17.3,N,N/A,27G TW Gerresheimer
Shroud Activation Force,1,33,21.1,N,N/A,27G TW Gerresheimer
Shroud Activation Force,1,34,19.3,N,N/A,27G TW Gerresheimer
Shroud Activation Force,1,35,17.85,N,N/A,27G TW Gerresheimer
Shroud Activation Force,22,1,20.9,N,N/A,27G TW Ompi
Shroud Activation Force,22,2,16.4,N,N/A,27G TW Ompi
Shroud Activation Force,22,3,17.65,N,N/A,27G TW Ompi
Shroud Activation Force,22,4,16.05,N,N/A,27G TW Ompi
Shroud Activation Force,22,5,18.65,N,N/A,27G TW Ompi
Shroud Activation Force,22,6,16.1,N,N/A,27G TW Ompi
Shroud Activation Force,22,7,15.55,N,N/A,27G TW Ompi
Shroud Activation Force,22,8,16,N,N/A,27G TW Ompi
Shroud Activation Force,22,9,15.9,N,N/A,27G TW Ompi
Shroud Activation Force,22,10,14.6,N,N/A,27G TW Ompi
Shroud Activation Force,22,11,17.25,N,N/A,27G TW Ompi
Shroud Activation Force,22,12,16.2,N,N/A,27G TW Ompi
Shroud Activation Force,22,13,15.8,N,N/A,27G TW Ompi
Shroud Activation Force,22,14,14.85,N,N/A,27G TW Ompi
Shroud Activation Force,22,15,16.75,N,N/A,27G TW Ompi
Shroud Activation Force,22,16,18.45,N,N/A,27G TW Ompi
Shroud Activation Force,22,17,14.95,N,N/A,27G TW Ompi
Shroud Activation Force,22,18,16.95,N,N/A,27G TW Ompi
Shroud Activation Force,22,19,20.4,N,N/A,27G TW Ompi
Shroud Activation Force,22,20,16.75,N,N/A,27G TW Ompi
Shroud Activation Force,22,21,22.35,N,N/A,27G TW Ompi
Shroud Activation Force,22,22,16.4,N,N/A,27G TW Ompi
Shroud Activation Force,22,23,16.15,N,N/A,27G TW Ompi
Shroud Activation Force,22,24,18.6,N,N/A,27G TW Ompi
Shroud Activation Force,22,25,15.45,N,N/A,27G TW Ompi
Shroud Activation Force,22,26,15.65,N,N/A,27G TW Ompi
Shroud Activation Force,22,27,16.5,N,N/A,27G TW Ompi
Shroud Activation Force,22,28,18.3,N,N/A,27G TW Ompi
Shroud Activation Force,22,29,18.15,N,N/A,27G TW Ompi
Shroud Activation Force,22,30,17.15,N,N/A,27G TW Ompi
Shroud Activation Force,22,31,23.55,N,N/A,27G TW Ompi
Shroud Activation Force,22,32,18.4,N,N/A,27G TW Ompi
Shroud Activation Force,22,33,18.2,N,N/A,27G TW Ompi
Shroud Activation Force,22,34,16.25,N,N/A,27G TW Ompi
Shroud Activation Force,22,35,19,N,N/A,27G TW Ompi
Syringe Assembly Force,1,1,11.85,N,N/A,27G TW Gerresheimer
Syringe Assembly Force,1,2,12.675,N,N/A,27G TW Gerresheimer
Syringe Assembly Force,1,3,12.15,N,N/A,27G TW Gerresheimer
Syringe Assembly Force,1,4,13.35,N,N/A,27G TW Gerresheimer
Syringe Assembly Force,1,5,12.525,N,N/A,27G TW Gerresheimer
Syringe Assembly Force,1,6,12.75,N,N/A,27G TW Gerresheimer
Syringe Assembly Force,1,7,11.625,N,N/A,27G TW Gerresheimer
Syringe Assembly Force,1,8,13.125,N,N/A,27G TW Gerresheimer
Syringe Assembly Force,1,9,13.95,N,N/A,27G TW Gerresheimer
Syringe Assembly Force,1,10,12.75,N,N/A,27G TW Gerresheimer
Syringe Assembly Force,1,11,13.65,N,N/A,27G TW Gerresheimer
Syringe Assembly Force,1,12,13.275,N,N/A,27G TW Gerresheimer
Syringe Assembly Force,1,13,12.3,N,N/A,27G TW Gerresheimer
Syringe Assembly Force,1,14,12.975,N,N/A,27G TW Gerresheimer
Syringe Assembly Force,1,15,13.875,N,N/A,27G TW Gerresheimer
Syringe Assembly Force,1,16,13.275,N,N/A,27G TW Gerresheimer
Syringe Assembly Force,1,17,13.05,N,N/A,27G TW Gerresheimer
Syringe Assembly Force,1,18,12.825,N,N/A,27G TW Gerresheimer
Syringe Assembly Force,1,19,13.575,N,N/A,27G TW Gerresheimer
Syringe Assembly Force,1,20,12,N,N/A,27G TW Gerresheimer
Syringe Assembly Force,1,21,12.75,N,N/A,27G TW Gerresheimer
Syringe Assembly Force,1,22,12.9,N,N/A,27G TW Gerresheimer
Syringe Assembly Force,1,23,10.425,N,N/A,27G TW Gerresheimer
Syringe Assembly Force,1,24,11.55,N,N/A,27G TW Gerresheimer
Syringe Assembly Force,1,25,13.125,N,N/A,27G TW Gerresheimer
Syringe Assembly Force,1,26,13.55,N,N/A,27G TW Gerresheimer
Syringe Assembly Force,1,27,13.125,N,N/A,27G TW Gerresheimer
Syringe Assembly Force,1,28,12.075,N,N/A,27G TW Gerresheimer
Syringe Assembly Force,1,29,12.6,N,N/A,27G TW Gerresheimer
Syringe Assembly Force,1,30,12.6,N,N/A,27G TW Gerresheimer
Syringe Assembly Force,1,31,12.225,N,N/A,27G TW Gerresheimer
Syringe Assembly Force,1,32,13.15,N,N/A,27G TW Gerresheimer
Syringe Assembly Force,1,33,12.225,N,N/A,27G TW Gerresheimer
Syringe Assembly Force,1,34,11.475,N,N/A,27G TW Gerresheimer
Syringe Assembly Force,1,35,12.075,N,N/A,27G TW Gerresheimer
Syringe Assembly Force,4,1,12.675,N,N/A,27G TW Ompi
Syringe Assembly Force,4,2,12.9,N,N/A,27G TW Ompi
Syringe Assembly Force,4,3,12.675,N,N/A,27G TW Ompi
Syringe Assembly Force,4,4,11.625,N,N/A,27G TW Ompi
Syringe Assembly Force,4,5,11.925,N,N/A,27G TW Ompi
Syringe Assembly Force,4,6,13.575,N,N/A,27G TW Ompi
Syringe Assembly Force,4,7,14.25,N,N/A,27G TW Ompi
Syringe Assembly Force,4,8,13.05,N,N/A,27G TW Ompi
Syringe Assembly Force,4,9,13.125,N,N/A,27G TW Ompi
Syringe Assembly Force,4,10,13.5,N,N/A,27G TW Ompi
Syringe Assembly Force,4,11,13.95,N,N/A,27G TW Ompi
Syringe Assembly Force,4,12,13.125,N,N/A,27G TW Ompi
Syringe Assembly Force,4,13,11.175,N,N/A,27G TW Ompi
Syringe Assembly Force,4,14,13.05,N,N/A,27G TW Ompi
Syringe Assembly Force,4,15,11.925,N,N/A,27G TW Ompi
Syringe Assembly Force,4,16,14.325,N,N/A,27G TW Ompi
Syringe Assembly Force,4,17,9.6,N,N/A,27G TW Ompi
Syringe Assembly Force,4,18,11.4,N,N/A,27G TW Ompi
Syringe Assembly Force,4,19,11.925,N,N/A,27G TW Ompi
Syringe Assembly Force,4,20,11.1,N,N/A,27G TW Ompi
Syringe Assembly Force,4,21,17.4,N,N/A,27G TW Ompi
Syringe Assembly Force,4,22,12.6,N,N/A,27G TW Ompi
Syringe Assembly Force,4,23,13.05,N,N/A,27G TW Ompi
Syringe Assembly Force,4,24,12.6,N,N/A,27G TW Ompi
Syringe Assembly Force,4,25,10.875,N,N/A,27G TW Ompi
Syringe Assembly Force,4,26,12.15,N,N/A,27G TW Ompi
Syringe Assembly Force,4,27,10.95,N,N/A,27G TW Ompi
Syringe Assembly Force,4,28,12.3,N,N/A,27G TW Ompi
Syringe Assembly Force,4,29,11.775,N,N/A,27G TW Ompi
Syringe Assembly Force,4,30,11.925,N,N/A,27G TW Ompi
Syringe Assembly Force,4,31,12.375,N,N/A,27G TW Ompi
Syringe Assembly Force,4,32,13.2,N,N/A,27G TW Ompi
Syringe Assembly Force,4,33,13.125,N,N/A,27G TW Ompi
Syringe Assembly Force,4,34,12.45,N,N/A,27G TW Ompi
Syringe Assembly Force,4,35,11.925,N,N/A,27G TW Ompi
Syringe Rotation Force,1,1,4.964756,N,N/A,27G TW Gerresheimer
Syringe Rotation Force,1,2,4.794667,N,N/A,27G TW Gerresheimer
Syringe Rotation Force,1,3,4.339565,N,N/A,27G TW Gerresheimer
Syringe Rotation Force,1,4,4.583206,N,N/A,27G TW Gerresheimer
Syringe Rotation Force,1,5,4.5924,N,N/A,27G TW Gerresheimer
Syringe Rotation Force,1,6,4.431505,N,N/A,27G TW Gerresheimer
Syringe Rotation Force,1,7,4.413117,N,N/A,27G TW Gerresheimer
Syringe Rotation Force,1,8,4.799265,N,N/A,27G TW Gerresheimer
Syringe Rotation Force,1,9,4.357953,N,N/A,27G TW Gerresheimer
Syringe Rotation Force,1,10,4.17867,N,N/A,27G TW Gerresheimer
Syringe Rotation Force,1,11,4.353356,N,N/A,27G TW Gerresheimer
Syringe Rotation Force,1,12,4.463684,N,N/A,27G TW Gerresheimer
Syringe Rotation Force,1,13,4.321177,N,N/A,27G TW Gerresheimer
Syringe Rotation Force,1,14,4.321177,N,N/A,27G TW Gerresheimer
Syringe Rotation Force,1,15,5.190009594,N,N/A,27G TW Gerresheimer
Syringe Rotation Force,1,16,5.001533,N,N/A,27G TW Gerresheimer
Syringe Rotation Force,1,17,4.578609,N,N/A,27G TW Gerresheimer
Syringe Rotation Force,1,18,4.45449,N,N/A,27G TW Gerresheimer
Syringe Rotation Force,1,19,4.243028,N,N/A,27G TW Gerresheimer
Syringe Rotation Force,1,20,4.426908,N,N/A,27G TW Gerresheimer
Syringe Rotation Force,1,21,4.367147,N,N/A,27G TW Gerresheimer
Syringe Rotation Force,1,22,4.505057,N,N/A,27G TW Gerresheimer
Syringe Rotation Force,1,23,3.912045,N,N/A,27G TW Gerresheimer
Syringe Rotation Force,1,24,4.652161,N,N/A,27G TW Gerresheimer
Syringe Rotation Force,1,25,4.151088,N,N/A,27G TW Gerresheimer
Syringe Rotation Force,1,26,4.288999,N,N/A,27G TW Gerresheimer
Syringe Rotation Force,1,27,4.491266,N,N/A,27G TW Gerresheimer
Syringe Rotation Force,1,28,5.102666,N,N/A,27G TW Gerresheimer
Syringe Rotation Force,1,29,4.656757,N,N/A,27G TW Gerresheimer
Syringe Rotation Force,1,30,5.006129,N,N/A,27G TW Gerresheimer
Syringe Rotation Force,1,31,4.321177,N,N/A,27G TW Gerresheimer
Syringe Rotation Force,1,32,5.075084,N,N/A,27G TW Gerresheimer
Syringe Rotation Force,1,33,4.68434,N,N/A,27G TW Gerresheimer
Syringe Rotation Force,1,34,4.518847,N,N/A,27G TW Gerresheimer
Syringe Rotation Force,1,35,4.721116,N,N/A,27G TW Gerresheimer
Syringe Rotation Force,22,1,4.923384,N,N/A,27G TW Ompi
Syringe Rotation Force,22,2,4.063745,N,N/A,27G TW Ompi
Syringe Rotation Force,22,3,4.284401,N,N/A,27G TW Ompi
Syringe Rotation Force,22,4,4.711922,N,N/A,27G TW Ompi
Syringe Rotation Force,22,5,4.068343,N,N/A,27G TW Ompi
Syringe Rotation Force,22,6,4.220043,N,N/A,27G TW Ompi
Syringe Rotation Force,22,7,4.702728,N,N/A,27G TW Ompi
Syringe Rotation Force,22,8,4.537236,N,N/A,27G TW Ompi
Syringe Rotation Force,22,9,4.872817,N,N/A,27G TW Ompi
Syringe Rotation Force,22,10,5.061293,N,N/A,27G TW Ompi
Syringe Rotation Force,22,11,4.978547,N,N/A,27G TW Ompi
Syringe Rotation Force,22,12,5.314128,N,N/A,27G TW Ompi
Syringe Rotation Force,22,13,5.075084209,N,N/A,27G TW Ompi
Syringe Rotation Force,22,14,5.401471,N,N/A,27G TW Ompi
Syringe Rotation Force,22,15,4.665952,N,N/A,27G TW Ompi
Syringe Rotation Force,22,16,5.373889,N,N/A,27G TW Ompi
Syringe Rotation Force,22,17,4.872817,N,N/A,27G TW Ompi
Syringe Rotation Force,22,18,4.619982,N,N/A,27G TW Ompi
Syringe Rotation Force,22,19,5.116457,N,N/A,27G TW Ompi
Syringe Rotation Force,22,20,4.923384,N,N/A,27G TW Ompi
Syringe Rotation Force,22,21,4.532639027,N,N/A,27G TW Ompi
Syringe Rotation Force,22,22,4.445296,N,N/A,27G TW Ompi
Syringe Rotation Force,22,23,4.449893,N,N/A,27G TW Ompi
Syringe Rotation Force,22,24,4.523445,N,N/A,27G TW Ompi
Syringe Rotation Force,22,25,4.753295,N,N/A,27G TW Ompi
Syringe Rotation Force,22,26,4.155685,N,N/A,27G TW Ompi
Syringe Rotation Force,22,27,4.725713,N,N/A,27G TW Ompi
Syringe Rotation Force,22,28,4.840638,N,N/A,27G TW Ompi
Syringe Rotation Force,22,29,3.866074,N,N/A,27G TW Ompi
Syringe Rotation Force,22,30,4.859025,N,N/A,27G TW Ompi
Syringe Rotation Force,22,31,4.808459,N,N/A,27G TW Ompi
Syringe Rotation Force,22,32,4.619982,N,N/A,27G TW Ompi
Syringe Rotation Force,22,33,6.068035603,N,N/A,27G TW Ompi
Syringe Rotation Force,22,34,4.725713,N,N/A,27G TW Ompi
Syringe Rotation Force,22,35,4.348759,N,N/A,27G TW Ompi
Safety Shroud Disassembly Force,1,1,174.6,N,N/A,N/A
Safety Shroud Disassembly Force,1,2,172.8,N,N/A,N/A
Safety Shroud Disassembly Force,1,3,171.2,N,N/A,N/A
Safety Shroud Disassembly Force,1,4,176,N,N/A,N/A
Safety Shroud Disassembly Force,1,5,171.8,N,N/A,N/A
Safety Shroud Disassembly Force,1,6,194,N,N/A,N/A
Safety Shroud Disassembly Force,1,7,175.2,N,N/A,N/A
Safety Shroud Disassembly Force,1,8,174.4,N,N/A,N/A
Safety Shroud Disassembly Force,1,9,176.6,N,N/A,N/A
Safety Shroud Disassembly Force,1,10,179.4,N,N/A,N/A
Safety Shroud Disassembly Force,1,11,175.2,N,N/A,N/A
Safety Shroud Disassembly Force,1,12,181.6,N,N/A,N/A
Safety Shroud Disassembly Force,1,13,177,N,N/A,N/A
Safety Shroud Disassembly Force,1,14,174.2,N,N/A,N/A
Safety Shroud Disassembly Force,1,15,176.8,N,N/A,N/A
Safety Shroud Disassembly Force,1,16,175.2,N,N/A,N/A
Safety Shroud Disassembly Force,1,17,196.4,N,N/A,N/A
Safety Shroud Disassembly Force,1,18,177,N,N/A,N/A
Safety Shroud Disassembly Force,1,19,210.5,N,N/A,N/A
Safety Shroud Disassembly Force,1,20,175,N,N/A,N/A
Safety Shroud Disassembly Force,1,21,167.4,N,N/A,N/A
Safety Shroud Disassembly Force,1,22,175,N,N/A,N/A
Safety Shroud Disassembly Force,1,23,198.6,N,N/A,N/A
Safety Shroud Disassembly Force,1,24,179.8,N,N/A,N/A
Safety Shroud Disassembly Force,1,25,178.4,N,N/A,N/A
Safety Shroud Disassembly Force,1,26,183.2,N,N/A,N/A
Safety Shroud Disassembly Force,1,27,177,N,N/A,N/A
Safety Shroud Disassembly Force,1,28,180.4,N,N/A,N/A
Safety Shroud Disassembly Force,1,29,178.4,N,N/A,N/A
Safety Shroud Disassembly Force,1,30,179.8,N,N/A,N/A
Safety Shroud Disassembly Force,1,31,179.6,N,N/A,N/A
Safety Shroud Disassembly Force,1,32,180.2,N,N/A,N/A
Safety Shroud Disassembly Force,1,33,178.8,N,N/A,N/A
Safety Shroud Disassembly Force,1,34,181.8,N,N/A,N/A
Safety Shroud Disassembly Force,1,35,184,N,N/A,N/A
Syringe Assembly Force with Lab,1,1,13.725,N,N/A,27G TW Gerresheimer
Syringe Assembly Force with Lab,1,2,14.775,N,N/A,27G TW Gerresheimer
Syringe Assembly Force with Lab,1,3,17.25,N,N/A,27G TW Gerresheimer
Syringe Assembly Force with Lab,1,4,13.65,N,N/A,27G TW Gerresheimer
Syringe Assembly Force with Lab,1,5,17.925,N,N/A,27G TW Gerresheimer
Syringe Assembly Force with Lab,1,6,15.3,N,N/A,27G TW Gerresheimer
Syringe Assembly Force with Lab,1,7,15.225,N,N/A,27G TW Gerresheimer
Syringe Assembly Force with Lab,1,8,15.375,N,N/A,27G TW Gerresheimer
Syringe Assembly Force with Lab,1,9,17.625,N,N/A,27G TW Gerresheimer
Syringe Assembly Force with Lab,1,10,15.825,N,N/A,27G TW Gerresheimer
Syringe Assembly Force with Lab,1,11,16.5,N,N/A,27G TW Gerresheimer
Syringe Assembly Force with Lab,1,12,13.65,N,N/A,27G TW Gerresheimer
Syringe Assembly Force with Lab,1,13,14.175,N,N/A,27G TW Gerresheimer
Syringe Assembly Force with Lab,1,14,15.675,N,N/A,27G TW Gerresheimer
Syringe Assembly Force with Lab,1,15,18.6,N,N/A,27G TW Gerresheimer
Syringe Assembly Force with Lab,1,16,13.425,N,N/A,27G TW Gerresheimer
Syringe Assembly Force with Lab,1,17,13.05,N,N/A,27G TW Gerresheimer
Syringe Assembly Force with Lab,1,18,18.6,N,N/A,27G TW Gerresheimer
Syringe Assembly Force with Lab,1,19,14.4,N,N/A,27G TW Gerresheimer
Syringe Assembly Force with Lab,1,20,17.775,N,N/A,27G TW Gerresheimer
Syringe Assembly Force with Lab,1,21,14.625,N,N/A,27G TW Gerresheimer
Syringe Assembly Force with Lab,1,22,15.75,N,N/A,27G TW Gerresheimer
Syringe Assembly Force with Lab,1,23,17.4,N,N/A,27G TW Gerresheimer
Syringe Assembly Force with Lab,1,24,10.875,N,N/A,27G TW Gerresheimer
Syringe Assembly Force with Lab,1,25,14.85,N,N/A,27G TW Gerresheimer
Syringe Assembly Force with Lab,1,26,15.075,N,N/A,27G TW Gerresheimer
Syringe Assembly Force with Lab,1,27,15.525,N,N/A,27G TW Gerresheimer
Syringe Assembly Force with Lab,1,28,18.075,N,N/A,27G TW Gerresheimer
Syringe Assembly Force with Lab,1,29,14.7,N,N/A,27G TW Gerresheimer
Syringe Assembly Force with Lab,1,30,16.95,N,N/A,27G TW Gerresheimer
Syringe Assembly Force with Lab,1,31,12,N,N/A,27G TW Gerresheimer
Syringe Assembly Force with Lab,1,32,16.2,N,N/A,27G TW Gerresheimer
Syringe Assembly Force with Lab,1,33,14.925,N,N/A,27G TW Gerresheimer
Syringe Assembly Force with Lab,1,34,17.55,N,N/A,27G TW Gerresheimer
Syringe Assembly Force with Lab,1,35,17.175,N,N/A,27G TW Gerresheimer
Syringe Assembly Force with Lab,4,1,10.875,N,N/A,27G TW Ompi
Syringe Assembly Force with Lab,4,2,12.675,N,N/A,27G TW Ompi
Syringe Assembly Force with Lab,4,3,13.35,N,N/A,27G TW Ompi
Syringe Assembly Force with Lab,4,4,15.075,N,N/A,27G TW Ompi
Syringe Assembly Force with Lab,4,5,11.55,N,N/A,27G TW Ompi
Syringe Assembly Force with Lab,4,6,13.725,N,N/A,27G TW Ompi
Syringe Assembly Force with Lab,4,7,14.85,N,N/A,27G TW Ompi
Syringe Assembly Force with Lab,4,8,11.475,N,N/A,27G TW Ompi
Syringe Assembly Force with Lab,4,9,11.025,N,N/A,27G TW Ompi
Syringe Assembly Force with Lab,4,10,15.075,N,N/A,27G TW Ompi
Syringe Assembly Force with Lab,4,11,14.4,N,N/A,27G TW Ompi
Syringe Assembly Force with Lab,4,12,14.4,N,N/A,27G TW Ompi
Syringe Assembly Force with Lab,4,13,14.7,N,N/A,27G TW Ompi
Syringe Assembly Force with Lab,4,14,13.725,N,N/A,27G TW Ompi
Syringe Assembly Force with Lab,4,15,12,N,N/A,27G TW Ompi
Syringe Assembly Force with Lab,4,16,13.425,N,N/A,27G TW Ompi
Syringe Assembly Force with Lab,4,17,14.55,N,N/A,27G TW Ompi
Syringe Assembly Force with Lab,4,18,13.95,N,N/A,27G TW Ompi
Syringe Assembly Force with Lab,4,19,15.375,N,N/A,27G TW Ompi
Syringe Assembly Force with Lab,4,20,13.425,N,N/A,27G TW Ompi
Syringe Assembly Force with Lab,4,21,13.5,N,N/A,27G TW Ompi
Syringe Assembly Force with Lab,4,22,11.625,N,N/A,27G TW Ompi
Syringe Assembly Force with Lab,4,23,14.25,N,N/A,27G TW Ompi
Syringe Assembly Force with Lab,4,24,14.625,N,N/A,27G TW Ompi
Syringe Assembly Force with Lab,4,25,16.725,N,N/A,27G TW Ompi
Syringe Assembly Force with Lab,4,26,13.35,N,N/A,27G TW Ompi
Syringe Assembly Force with Lab,4,27,13.35,N,N/A,27G TW Ompi
Syringe Assembly Force with Lab,4,28,17.175,N,N/A,27G TW Ompi
Syringe Assembly Force with Lab,4,29,14.4,N,N/A,27G TW Ompi
Syringe Assembly Force with Lab,4,30,14.1,N,N/A,27G TW Ompi
Syringe Assembly Force with Lab,4,31,14.775,N,N/A,27G TW Ompi
Syringe Assembly Force with Lab,4,32,15.075,N,N/A,27G TW Ompi
Syringe Assembly Force with Lab,4,33,15.15,N,N/A,27G TW Ompi
Syringe Assembly Force with Lab,4,34,14.775,N,N/A,27G TW Ompi
Syringe Assembly Force with Lab,4,35,15.675,N,N/A,27G TW Ompi
Force to Disassemble,1,23,145.7,N,N/A,Syringe Not Applicable
Force to Disassemble,1,24,145.4,N,N/A,Syringe Not Applicable
Force to Disassemble,1,25,145.7,N,N/A,Syringe Not Applicable
Force to Disassemble,1,26,145.2,N,N/A,Syringe Not Applicable
Force to Disassemble,1,27,145.8,N,N/A,Syringe Not Applicable
Force to Disassemble,1,28,145.4,N,N/A,Syringe Not Applicable
Force to Disassemble,1,29,145.7,N,N/A,Syringe Not Applicable
Force to Disassemble,1,30,145.1,N,N/A,Syringe Not Applicable
Force to Disassemble,1,31,146.6,N,N/A,Syringe Not Applicable
Force to Disassemble,1,32,145.5,N,N/A,Syringe Not Applicable
Force to Disassemble,1,33,145.2,N,N/A,Syringe Not Applicable
Force to Disassemble,1,34,146.9,N,N/A,Syringe Not Applicable
Force to Disassemble,1,35,146,N,N/A,Syringe Not Applicable
Force to Disassemble,2,1,145.8,N,N/A,Syringe Not Applicable
Force to Disassemble,2,2,145.1,N,N/A,Syringe Not Applicable
Force to Disassemble,2,3,145.4,N,N/A,Syringe Not Applicable
Force to Disassemble,2,4,145.2,N,N/A,Syringe Not Applicable
Force to Disassemble,2,5,145.5,N,N/A,Syringe Not Applicable
Force to Disassemble,2,6,145.7,N,N/A,Syringe Not Applicable
Force to Disassemble,2,7,145.5,N,N/A,Syringe Not Applicable
Force to Disassemble,2,8,145.8,N,N/A,Syringe Not Applicable
Force to Disassemble,2,9,145.7,N,N/A,Syringe Not Applicable
Force to Disassemble,2,10,145.8,N,N/A,Syringe Not Applicable
Force to Disassemble,2,11,145.5,N,N/A,Syringe Not Applicable
Force to Disassemble,2,12,145.8,N,N/A,Syringe Not Applicable
Force to Disassemble,2,13,145.1,N,N/A,Syringe Not Applicable
Force to Disassemble,2,14,145.2,N,N/A,Syringe Not Applicable
Force to Disassemble,2,15,145.5,N,N/A,Syringe Not Applicable
Force to Disassemble,2,16,145.7,N,N/A,Syringe Not Applicable
Force to Disassemble,2,17,97.5,N,N/A,Syringe Not Applicable
Force to Disassemble,2,18,145.1,N,N/A,Syringe Not Applicable
Force to Disassemble,2,19,146.3,N,N/A,Syringe Not Applicable
Force to Disassemble,2,20,145.1,N,N/A,Syringe Not Applicable
Force to Disassemble,2,21,145.8,N,N/A,Syringe Not Applicable
Force to Disassemble,2,22,145.5,N,N/A,Syringe Not Applicable
Force to Disassemble,2,23,146.7,N,N/A,Syringe Not Applicable
Force to Disassemble,2,24,145.1,N,N/A,Syringe Not Applicable
Force to Disassemble,2,25,146,N,N/A,Syringe Not Applicable
Force to Disassemble,2,26,145.7,N,N/A,Syringe Not Applicable
Force to Disassemble,2,27,145.2,N,N/A,Syringe Not Applicable
Force to Disassemble,2,28,145.4,N,N/A,Syringe Not Applicable
Force to Disassemble,2,29,145.4,N,N/A,Syringe Not Applicable
Force to Disassemble,2,30,145.7,N,N/A,Syringe Not Applicable
Force to Disassemble,2,31,145.5,N,N/A,Syringe Not Applicable
Force to Disassemble,2,32,145.4,N,N/A,Syringe Not Applicable
Force to Disassemble,2,33,145.1,N,N/A,Syringe Not Applicable
Force to Disassemble,2,34,145.4,N,N/A,Syringe Not Applicable
Force to Disassemble,2,35,145.8,N,N/A,Syringe Not Applicable
Force to Disassemble,3,1,145.8,N,N/A,Syringe Not Applicable
Force to Disassemble,3,2,145.1,N,N/A,Syringe Not Applicable
Force to Disassemble,3,3,145.4,N,N/A,Syringe Not Applicable
Force to Disassemble,3,4,145.5,N,N/A,Syringe Not Applicable
Force to Disassemble,3,5,145.1,N,N/A,Syringe Not Applicable
Force to Disassemble,3,6,145.7,N,N/A,Syringe Not Applicable
Force to Disassemble,3,7,145.1,N,N/A,Syringe Not Applicable
Force to Disassemble,3,8,145.2,N,N/A,Syringe Not Applicable
Force to Disassemble,3,9,145.7,N,N/A,Syringe Not Applicable
Force to Disassemble,3,10,145.4,N,N/A,Syringe Not Applicable
Force to Disassemble,3,11,145.5,N,N/A,Syringe Not Applicable
Force to Disassemble,3,12,145.4,N,N/A,Syringe Not Applicable
Force to Disassemble,3,13,145.5,N,N/A,Syringe Not Applicable
Force to Disassemble,3,14,145.7,N,N/A,Syringe Not Applicable
Force to Disassemble,3,15,146.1,N,N/A,Syringe Not Applicable
Force to Disassemble,3,16,145.2,N,N/A,Syringe Not Applicable
Force to Disassemble,3,17,145.8,N,N/A,Syringe Not Applicable
Force to Disassemble,3,18,145.4,N,N/A,Syringe Not Applicable
Force to Disassemble,3,19,146.7,N,N/A,Syringe Not Applicable
Force to Disassemble,3,20,145.5,N,N/A,Syringe Not Applicable
Force to Disassemble,3,21,145.4,N,N/A,Syringe Not Applicable
Force to Disassemble,3,22,145.2,N,N/A,Syringe Not Applicable
Force to Disassemble,3,23,145.2,N,N/A,Syringe Not Applicable
Force to Disassemble,3,24,145.5,N,N/A,Syringe Not Applicable
Force to Disassemble,3,25,146,N,N/A,Syringe Not Applicable
Force to Disassemble,3,26,145.1,N,N/A,Syringe Not Applicable
Force to Disassemble,3,27,145.5,N,N/A,Syringe Not Applicable
Force to Disassemble,3,28,145.4,N,N/A,Syringe Not Applicable
Force to Disassemble,3,29,106.3,N,N/A,Syringe Not Applicable
Force to Disassemble,3,30,145.2,N,N/A,Syringe Not Applicable
Force to Disassemble,3,31,145.4,N,N/A,Syringe Not Applicable
Force to Disassemble,3,32,145.7,N,N/A,Syringe Not Applicable
Force to Disassemble,3,33,129.8,N,N/A,Syringe Not Applicable
Force to Disassemble,3,34,129.5,N,N/A,Syringe Not Applicable
Force to Disassemble,3,35,145.1,N,N/A,Syringe Not Applicable
Force to Override,1,1,88.4,N,N/A,Syringe Not Applicable
Force to Override,1,2,96.1,N,N/A,Syringe Not Applicable
Force to Override,1,3,93.1,N,N/A,Syringe Not Applicable
Force to Override,1,4,96,N,N/A,Syringe Not Applicable
Force to Override,1,5,95.6,N,N/A,Syringe Not Applicable
Force to Override,1,6,96,N,N/A,Syringe Not Applicable
Force to Override,1,7,96.4,N,N/A,Syringe Not Applicable
Force to Override,1,8,95.1,N,N/A,Syringe Not Applicable
Force to Override,1,9,98.2,N,N/A,Syringe Not Applicable
Force to Override,1,10,94.2,N,N/A,Syringe Not Applicable
Force to Override,1,11,93,N,N/A,Syringe Not Applicable
Force to Override,1,12,95.5,N,N/A,Syringe Not Applicable
Force to Override,1,13,97.4,N,N/A,Syringe Not Applicable
Force to Override,1,14,93.9,N,N/A,Syringe Not Applicable
Force to Override,1,15,95.6,N,N/A,Syringe Not Applicable
Force to Override,1,16,96.7,N,N/A,Syringe Not Applicable
Force to Override,1,17,95.8,N,N/A,Syringe Not Applicable
Force to Override,1,18,96.3,N,N/A,Syringe Not Applicable
Force to Override,1,19,94.8,N,N/A,Syringe Not Applicable
Force to Override,1,20,94.8,N,N/A,Syringe Not Applicable
Force to Override,1,21,97,N,N/A,Syringe Not Applicable
Force to Override,1,22,92.9,N,N/A,Syringe Not Applicable
Force to Override,1,23,96.9,N,N/A,Syringe Not Applicable
Force to Override,1,24,94.9,N,N/A,Syringe Not Applicable
Force to Override,1,25,96.1,N,N/A,Syringe Not Applicable
Force to Override,1,26,95.1,N,N/A,Syringe Not Applicable
Force to Override,1,27,94.2,N,N/A,Syringe Not Applicable
Force to Override,1,28,92.1,N,N/A,Syringe Not Applicable
Force to Override,1,29,94,N,N/A,Syringe Not Applicable
Force to Override,1,30,95,N,N/A,Syringe Not Applicable
Force to Override,1,31,98.1,N,N/A,Syringe Not Applicable
Force to Override,1,32,94.4,N,N/A,Syringe Not Applicable
Force to Override,1,33,96.7,N,N/A,Syringe Not Applicable
Force to Override,1,34,94.5,N,N/A,Syringe Not Applicable
Force to Override,1,35,100.375,N,N/A,Syringe Not Applicable
Force to Disassemble<br>Extended Finger Flange,1,1,91.2,N,N/A,Syringe Not Applicable
Force to Disassemble<br>Extended Finger Flange,1,2,94.1,N,N/A,Syringe Not Applicable
Force to Disassemble<br>Extended Finger Flange,1,3,91.3,N,N/A,Syringe Not Applicable
Force to Disassemble<br>Extended Finger Flange,1,4,91.1,N,N/A,Syringe Not Applicable
Force to Disassemble<br>Extended Finger Flange,1,5,91.7,N,N/A,Syringe Not Applicable
Force to Disassemble<br>Extended Finger Flange,1,6,91.4,N,N/A,Syringe Not Applicable
Force to Disassemble<br>Extended Finger Flange,1,7,91,N,N/A,Syringe Not Applicable
Force to Disassemble<br>Extended Finger Flange,1,8,92.7,N,N/A,Syringe Not Applicable
Force to Disassemble<br>Extended Finger Flange,1,9,91.5,N,N/A,Syringe Not Applicable
Force to Disassemble<br>Extended Finger Flange,1,10,91.9,N,N/A,Syringe Not Applicable
Force to Disassemble<br>Extended Finger Flange,1,11,94.5,N,N/A,Syringe Not Applicable
Force to Disassemble<br>Extended Finger Flange,1,12,92.9,N,N/A,Syringe Not Applicable
Force to Disassemble<br>Extended Finger Flange,1,13,93.3,N,N/A,Syringe Not Applicable
Force to Disassemble<br>Extended Finger Flange,1,14,92.2,N,N/A,Syringe Not Applicable
Force to Disassemble<br>Extended Finger Flange,1,15,89.7,N,N/A,Syringe Not Applicable
Force to Disassemble<br>Extended Finger Flange,1,16,90.4,N,N/A,Syringe Not Applicable
Force to Disassemble<br>Extended Finger Flange,1,17,93.4,N,N/A,Syringe Not Applicable
Force to Disassemble<br>Extended Finger Flange,1,18,93.9,N,N/A,Syringe Not Applicable
Force to Disassemble<br>Extended Finger Flange,1,19,93.5,N,N/A,Syringe Not Applicable
Force to Disassemble<br>Extended Finger Flange,1,20,91.7,N,N/A,Syringe Not Applicable
Force to Disassemble<br>Extended Finger Flange,1,21,94.2,N,N/A,Syringe Not Applicable
Force to Disassemble<br>Extended Finger Flange,1,22,93.1,N,N/A,Syringe Not Applicable
Force to Disassemble<br>Extended Finger Flange,1,23,91.6,N,N/A,Syringe Not Applicable
Force to Disassemble<br>Extended Finger Flange,1,24,92.6,N,N/A,Syringe Not Applicable
Force to Disassemble<br>Extended Finger Flange,1,25,94.1,N,N/A,Syringe Not Applicable
Force to Disassemble<br>Extended Finger Flange,1,26,92.9,N,N/A,Syringe Not Applicable
Force to Disassemble<br>Extended Finger Flange,1,27,92.6,N,N/A,Syringe Not Applicable
Force to Disassemble<br>Extended Finger Flange,1,28,93.8,N,N/A,Syringe Not Applicable
Force to Disassemble<br>Extended Finger Flange,1,29,93.6,N,N/A,Syringe Not Applicable
Force to Disassemble<br>Extended Finger Flange,1,30,94.1,N,N/A,Syringe Not Applicable
Force to Disassemble<br>Extended Finger Flange,1,31,90.9,N,N/A,Syringe Not Applicable
Force to Disassemble<br>Extended Finger Flange,1,32,89.7,N,N/A,Syringe Not Applicable
Force to Disassemble<br>Extended Finger Flange,1,33,91.5,N,N/A,Syringe Not Applicable
Force to Disassemble<br>Extended Finger Flange,1,34,94.4,N,N/A,Syringe Not Applicable
Force to Disassemble<br>Extended Finger Flange,1,35,93.3,N,N/A,Syringe Not Applicable
Syringe Assembly Force<br>(Plastic),1,1,43.8,N,N/A,27G Plajex Terumo
Syringe Assembly Force<br>(Plastic),1,2,41.7,N,N/A,27G Plajex Terumo
Syringe Assembly Force<br>(Plastic),1,3,38.6,N,N/A,27G Plajex Terumo
Syringe Assembly Force<br>(Plastic),1,4,39.1,N,N/A,27G Plajex Terumo
Syringe Assembly Force<br>(Plastic),1,5,38,N,N/A,27G Plajex Terumo
Syringe Assembly Force<br>(Plastic),1,6,40.8,N,N/A,27G Plajex Terumo
Syringe Assembly Force<br>(Plastic),1,7,41.1,N,N/A,27G Plajex Terumo
Syringe Assembly Force<br>(Plastic),1,8,40,N,N/A,27G Plajex Terumo
Syringe Assembly Force<br>(Plastic),1,9,40.3,N,N/A,27G Plajex Terumo
Syringe Assembly Force<br>(Plastic),1,10,41.6,N,N/A,27G Plajex Terumo
Syringe Assembly Force<br>(Plastic),1,11,42.9,N,N/A,27G Plajex Terumo
Syringe Assembly Force<br>(Plastic),1,12,38,N,N/A,27G Plajex Terumo
Syringe Assembly Force<br>(Plastic),1,13,38.4,N,N/A,27G Plajex Terumo
Syringe Assembly Force<br>(Plastic),1,14,40.3,N,N/A,27G Plajex Terumo
Syringe Assembly Force<br>(Plastic),1,15,45.3,N,N/A,27G Plajex Terumo
Syringe Assembly Force<br>(Plastic),1,16,39.4,N,N/A,27G Plajex Terumo
Syringe Assembly Force<br>(Plastic),1,17,37.8,N,N/A,27G Plajex Terumo
Syringe Assembly Force<br>(Plastic),1,18,39.2,N,N/A,27G Plajex Terumo
Syringe Assembly Force<br>(Plastic),1,19,37.6,N,N/A,27G Plajex Terumo
Syringe Assembly Force<br>(Plastic),1,20,41.1,N,N/A,27G Plajex Terumo
Syringe Assembly Force<br>(Plastic),1,21,40.1,N,N/A,27G Plajex Terumo
Syringe Assembly Force<br>(Plastic),1,22,39.6,N,N/A,27G Plajex Terumo
Syringe Assembly Force<br>(Plastic),1,23,39.8,N,N/A,27G Plajex Terumo
Syringe Assembly Force<br>(Plastic),1,24,36.8,N,N/A,27G Plajex Terumo
Syringe Assembly Force<br>(Plastic),1,25,40.6,N,N/A,27G Plajex Terumo
Syringe Assembly Force<br>(Plastic),1,26,37.5,N,N/A,27G Plajex Terumo
Syringe Assembly Force<br>(Plastic),1,27,39,N,N/A,27G Plajex Terumo
Syringe Assembly Force<br>(Plastic),1,28,38.2,N,N/A,27G Plajex Terumo
Syringe Assembly Force<br>(Plastic),1,29,38.1,N,N/A,27G Plajex Terumo
Syringe Assembly Force<br>(Plastic),1,30,39.5,N,N/A,27G Plajex Terumo
Syringe Assembly Force<br>(Plastic),1,31,41.2,N,N/A,27G Plajex Terumo
Syringe Assembly Force<br>(Plastic),1,32,37.4,N,N/A,27G Plajex Terumo
Syringe Assembly Force<br>(Plastic),1,33,42.5,N,N/A,27G Plajex Terumo
Syringe Assembly Force<br>(Plastic),1,34,39.4,N,N/A,27G Plajex Terumo
Syringe Assembly Force<br>(Plastic),1,35,37.6,N,N/A,27G Plajex Terumo
Syringe Assembly Force<br>(Glass),4,1,8.4,N,N/A,29G BD Hypak SCF 1ml
Syringe Assembly Force<br>(Glass),4,2,10.1,N,N/A,29G BD Hypak SCF 1ml
Syringe Assembly Force<br>(Glass),4,3,8.2,N,N/A,29G BD Hypak SCF 1ml
Syringe Assembly Force<br>(Glass),4,4,9,N,N/A,29G BD Hypak SCF 1ml
Syringe Assembly Force<br>(Glass),4,5,9.8,N,N/A,29G BD Hypak SCF 1ml
Syringe Assembly Force<br>(Glass),4,6,9.5,N,N/A,29G BD Hypak SCF 1ml
Syringe Assembly Force<br>(Glass),4,7,10.1,N,N/A,29G BD Hypak SCF 1ml
Syringe Assembly Force<br>(Glass),4,8,9.3,N,N/A,29G BD Hypak SCF 1ml
Syringe Assembly Force<br>(Glass),4,9,8.1,N,N/A,29G BD Hypak SCF 1ml
Syringe Assembly Force<br>(Glass),4,10,9.4,N,N/A,29G BD Hypak SCF 1ml
Syringe Assembly Force<br>(Glass),4,11,8,N,N/A,29G BD Hypak SCF 1ml
Syringe Assembly Force<br>(Glass),4,12,9.5,N,N/A,29G BD Hypak SCF 1ml
Syringe Assembly Force<br>(Glass),4,13,10.2,N,N/A,29G BD Hypak SCF 1ml
Syringe Assembly Force<br>(Glass),4,14,8.8,N,N/A,29G BD Hypak SCF 1ml
Syringe Assembly Force<br>(Glass),4,15,8.6,N,N/A,29G BD Hypak SCF 1ml
Syringe Assembly Force<br>(Glass),4,16,7.9,N,N/A,29G BD Hypak SCF 1ml
Syringe Assembly Force<br>(Glass),4,17,8.2,N,N/A,29G BD Hypak SCF 1ml
Syringe Assembly Force<br>(Glass),4,18,7.4,N,N/A,29G BD Hypak SCF 1ml
Syringe Assembly Force<br>(Glass),4,19,8.3,N,N/A,29G BD Hypak SCF 1ml
Syringe Assembly Force<br>(Glass),4,20,8.5,N,N/A,29G BD Hypak SCF 1ml
Syringe Assembly Force<br>(Glass),4,21,9,N,N/A,29G BD Hypak SCF 1ml
Syringe Assembly Force<br>(Glass),4,22,8.2,N,N/A,29G BD Hypak SCF 1ml
Syringe Assembly Force<br>(Glass),4,23,9.4,N,N/A,29G BD Hypak SCF 1ml
Syringe Assembly Force<br>(Glass),4,24,8.7,N,N/A,29G BD Hypak SCF 1ml
Syringe Assembly Force<br>(Glass),4,25,8.5,N,N/A,29G BD Hypak SCF 1ml
Syringe Assembly Force<br>(Glass),4,26,8.7,N,N/A,29G BD Hypak SCF 1ml
Syringe Assembly Force<br>(Glass),4,27,9,N,N/A,29G BD Hypak SCF 1ml
Syringe Assembly Force<br>(Glass),4,28,9.6,N,N/A,29G BD Hypak SCF 1ml
Syringe Assembly Force<br>(Glass),4,29,8.1,N,N/A,29G BD Hypak SCF 1ml
Syringe Assembly Force<br>(Glass),4,30,10.3,N,N/A,29G BD Hypak SCF 1ml
Syringe Assembly Force<br>(Glass),4,31,11,N,N/A,29G BD Hypak SCF 1ml
Syringe Assembly Force<br>(Glass),4,32,9.9,N,N/A,29G BD Hypak SCF 1ml
Syringe Assembly Force<br>(Glass),4,33,8.7,N,N/A,29G BD Hypak SCF 1ml
Syringe Assembly Force<br>(Glass),4,34,9.4,N,N/A,29G BD Hypak SCF 1ml
Syringe Assembly Force<br>(Glass),4,35,8.3,N,N/A,29G BD Hypak SCF 1ml
Syringe Assembly Force<br>(Glass),6,1,8.6,N,N/A,29G Gerresheimer RTF 1ml
Syringe Assembly Force<br>(Glass),6,2,9.2,N,N/A,29G Gerresheimer RTF 1ml
Syringe Assembly Force<br>(Glass),6,3,9.3,N,N/A,29G Gerresheimer RTF 1ml
Syringe Assembly Force<br>(Glass),6,4,9.5,N,N/A,29G Gerresheimer RTF 1ml
Syringe Assembly Force<br>(Glass),6,5,10.9,N,N/A,29G Gerresheimer RTF 1ml
Syringe Assembly Force<br>(Glass),6,6,9.3,N,N/A,29G Gerresheimer RTF 1ml
Syringe Assembly Force<br>(Glass),6,7,9.1,N,N/A,29G Gerresheimer RTF 1ml
Syringe Assembly Force<br>(Glass),6,8,10,N,N/A,29G Gerresheimer RTF 1ml
Syringe Assembly Force<br>(Glass),6,9,9.6,N,N/A,29G Gerresheimer RTF 1ml
Syringe Assembly Force<br>(Glass),6,10,8.5,N,N/A,29G Gerresheimer RTF 1ml
Syringe Assembly Force<br>(Glass),6,11,10,N,N/A,29G Gerresheimer RTF 1ml
Syringe Assembly Force<br>(Glass),6,12,10.3,N,N/A,29G Gerresheimer RTF 1ml
Syringe Assembly Force<br>(Glass),6,13,8.7,N,N/A,29G Gerresheimer RTF 1ml
Syringe Assembly Force<br>(Glass),6,14,8.8,N,N/A,29G Gerresheimer RTF 1ml
Syringe Assembly Force<br>(Glass),6,15,8.4,N,N/A,29G Gerresheimer RTF 1ml
Syringe Assembly Force<br>(Glass),6,16,10.6,N,N/A,29G Gerresheimer RTF 1ml
Syringe Assembly Force<br>(Glass),6,17,10.1,N,N/A,29G Gerresheimer RTF 1ml
Syringe Assembly Force<br>(Glass),6,18,9,N,N/A,29G Gerresheimer RTF 1ml
Syringe Assembly Force<br>(Glass),6,19,9.9,N,N/A,29G Gerresheimer RTF 1ml
Syringe Assembly Force<br>(Glass),6,20,8.7,N,N/A,29G Gerresheimer RTF 1ml
Syringe Assembly Force<br>(Glass),6,21,9.6,N,N/A,29G Gerresheimer RTF 1ml
Syringe Assembly Force<br>(Glass),6,22,9,N,N/A,29G Gerresheimer RTF 1ml
Syringe Assembly Force<br>(Glass),6,23,9.4,N,N/A,29G Gerresheimer RTF 1ml
Syringe Assembly Force<br>(Glass),6,24,9.8,N,N/A,29G Gerresheimer RTF 1ml
Syringe Assembly Force<br>(Glass),6,25,8.9,N,N/A,29G Gerresheimer RTF 1ml
Syringe Assembly Force<br>(Glass),6,26,9.2,N,N/A,29G Gerresheimer RTF 1ml
Syringe Assembly Force<br>(Glass),6,27,9.3,N,N/A,29G Gerresheimer RTF 1ml
Syringe Assembly Force<br>(Glass),6,28,9.4,N,N/A,29G Gerresheimer RTF 1ml
Syringe Assembly Force<br>(Glass),6,29,10,N,N/A,29G Gerresheimer RTF 1ml
Syringe Assembly Force<br>(Glass),6,30,9.9,N,N/A,29G Gerresheimer RTF 1ml
Syringe Assembly Force<br>(Glass),6,31,9.5,N,N/A,29G Gerresheimer RTF 1ml
Syringe Assembly Force<br>(Glass),6,32,9.5,N,N/A,29G Gerresheimer RTF 1ml
Syringe Assembly Force<br>(Glass),6,33,10.6,N,N/A,29G Gerresheimer RTF 1ml
Syringe Assembly Force<br>(Glass),6,34,8.6,N,N/A,29G Gerresheimer RTF 1ml
Syringe Assembly Force<br>(Glass),6,35,9.9,N,N/A,29G Gerresheimer RTF 1ml
